{"cameraMode":{"drawMode":0,"name":"Shaded","section":"Shading Mode"},"sceneLighting":true,"audioPlay":false,"sceneViewState":{"showFog":false,"showMaterialUpdate":false,"showSkybox":false,"showFlares":false,"showImageEffects":false,"showParticleSystems":false},"in2DMode":false,"pivot":{"x":-55.71647644042969,"y":2.829617977142334,"z":74.6821517944336},"rotation":{"x":-0.09812764823436737,"y":0.11912612617015839,"z":-0.011832192540168763,"w":-0.987947404384613},"size":87.8167953491211,"orthographic":false}