{"cameraMode":{"drawMode":0,"name":"Shaded","section":"Shading Mode"},"sceneLighting":true,"audioPlay":false,"sceneViewState":{"showFog":false,"showMaterialUpdate":false,"showSkybox":false,"showFlares":false,"showImageEffects":false,"showParticleSystems":false},"in2DMode":false,"pivot":{"x":30.239009857177736,"y":6.016390800476074,"z":2.7000739574432375},"rotation":{"x":-0.3014621436595917,"y":0.022021276876330377,"z":-0.006963957101106644,"w":-0.9531984329223633},"size":11.491120338439942,"orthographic":false}