{"cameraMode":{"drawMode":0,"name":"Shaded","section":"Shading Mode"},"sceneLighting":true,"audioPlay":false,"sceneViewState":{"showFog":false,"showMaterialUpdate":false,"showSkybox":false,"showFlares":false,"showImageEffects":false,"showParticleSystems":false},"in2DMode":false,"pivot":{"x":-69.27640533447266,"y":18.683204650878908,"z":-2.658283233642578},"rotation":{"x":-0.01088886708021164,"y":-0.5910274386405945,"z":-0.007979319430887699,"w":0.8065385222434998},"size":32.801414489746097,"orthographic":false}