{"cameraMode":{"drawMode":0,"name":"Shaded","section":"Shading Mode"},"sceneLighting":true,"audioPlay":false,"sceneViewState":{"showFog":false,"showMaterialUpdate":false,"showSkybox":false,"showFlares":false,"showImageEffects":false,"showParticleSystems":false},"in2DMode":false,"pivot":{"x":401.3585205078125,"y":58.258460998535159,"z":414.45770263671877},"rotation":{"x":-0.08993671089410782,"y":0.9099876880645752,"z":-0.2799972593784332,"w":-0.2922932803630829},"size":32.55717468261719,"orthographic":false}