{"cameraMode":{"drawMode":0,"name":"Shaded","section":"Shading Mode"},"sceneLighting":true,"audioPlay":false,"sceneViewState":{"showFog":false,"showMaterialUpdate":false,"showSkybox":false,"showFlares":false,"showImageEffects":false,"showParticleSystems":false},"in2DMode":false,"pivot":{"x":229.7789764404297,"y":24.964595794677736,"z":400.6098937988281},"rotation":{"x":-0.10783438384532929,"y":0.8290114998817444,"z":-0.17150408029556275,"w":-0.521246612071991},"size":112.78864288330078,"orthographic":false}