{"cameraMode":{"drawMode":0,"name":"Shaded","section":"Shading Mode"},"sceneLighting":true,"audioPlay":false,"sceneViewState":{"showFog":false,"showMaterialUpdate":false,"showSkybox":false,"showFlares":false,"showImageEffects":false,"showParticleSystems":false},"in2DMode":false,"pivot":{"x":295.3035888671875,"y":102.18533325195313,"z":-127.9586410522461},"rotation":{"x":-0.006615644786506891,"y":0.991567075252533,"z":-0.11654581129550934,"w":-0.05628614127635956},"size":847.5606689453125,"orthographic":false}