{"cameraMode":{"drawMode":0,"name":"Shaded","section":"Shading Mode"},"sceneLighting":true,"audioPlay":false,"sceneViewState":{"showFog":false,"showMaterialUpdate":false,"showSkybox":false,"showFlares":false,"showImageEffects":false,"showParticleSystems":false},"in2DMode":false,"pivot":{"x":318.99169921875,"y":25.11013412475586,"z":123.60521697998047},"rotation":{"x":-0.04446392506361008,"y":0.9532174468040466,"z":-0.2426956444978714,"w":-0.17463764548301698},"size":290.9536437988281,"orthographic":false}